{"((1, (2, 1, 0, 3), 0, (0, 0, 0, 0)), (0, 0, 0, 0))": 0.6596958241201163, "((2, (2, 1, 0, 3), 0, (0, 0, 0, 0)), (0, 0, 0, 0))": 0.6596958241201163, "((3, (2, 1, 0, 3), 0, (0, 0, 0, 0)), (0, 0, 0, 0))": 0.6596958241201163, "((1, (1, 2, 0, 3), 0, (0, 0, 0, 0)), (0, 0, 0, 0))": 0.19943072435931603, "((2, (1, 2, 0, 3), 0, (0, 0, 0, 0)), (0, 0, 0, 0))": 0.19943072435931603, "((3, (1, 2, 0, 3), 0, (0, 0, 0, 0)), (0, 0, 0, 0))": 0.19943072435931603, "((1, (2, 0, 2, 2), 0, (0, 0, 0, 0)), (0, 0, 0, 0))": -1.0035968160963702, "((2, (2, 0, 2, 2), 0, (0, 0, 0, 0)), (0, 0, 0, 0))": -1.0035968160963702, "((3, (2, 0, 2, 2), 0, (0, 0, 0, 0)), (0, 0, 0, 0))": -1.0035968160963702, "((1, (3, 0, 1, 2), 0, (0, 0, 0, 0)), (0, 0, 0, 0))": -0.8625195422617048, "((2, (3, 0, 1, 2), 0, (0, 0, 0, 0)), (0, 0, 0, 0))": -0.8625195422617048, "((3, (3, 0, 1, 2), 0, (0, 0, 0, 0)), (0, 0, 0, 0))": -0.8625195422617048, "((3, (1, 2, 1, 2), 0, (0, 0, 0, 0)), (0, 0, 0, 0))": -0.30735458182662634, "((1, (1, 2, 1, 2), 0, (0, 0, 0, 0)), (0, 0, 0, 0))": -0.30735458182662634, "((2, (1, 2, 1, 2), 0, (0, 0, 0, 0)), (0, 0, 0, 0))": -0.30735458182662634, "((2, (2, 1, 1, 2), 0, (0, 0, 0, 0)), (0, 0, 0, 0))": -1.327900947713906, "((3, (2, 1, 1, 2), 0, (0, 0, 0, 0)), (0, 0, 0, 0))": -1.327900947713906, "((1, (2, 1, 1, 2), 0, (0, 0, 0, 0)), (0, 0, 0, 0))": -1.327900947713906, "((1, (1, 2, 2, 1), 0, (0, 0, 0, 0)), (0, 0, 0, 0))": -1.658309192946539, "((2, (1, 2, 2, 1), 0, (0, 0, 0, 0)), (0, 0, 0, 0))": -1.658309192946539, "((3, (1, 2, 2, 1), 0, (0, 0, 0, 0)), (0, 0, 0, 0))": -1.658309192946539, "((1, (3, 1, 1, 1), 0, (0, 0, 0, 0)), (0, 0, 0, 0))": -0.9312642115838629, "((2, (3, 1, 1, 1), 0, (0, 0, 0, 0)), (0, 0, 0, 0))": -0.9312642115838629, "((3, (3, 1, 1, 1), 0, (0, 0, 0, 0)), (0, 0, 0, 0))": -0.9312642115838629, "((1, (3, 2, 0, 1), 0, (0, 0, 0, 0)), (0, 0, 0, 0))": 0.41629559028367535, "((2, (3, 2, 0, 1), 0, (0, 0, 0, 0)), (0, 0, 0, 0))": 0.41629559028367535, "((3, (3, 2, 0, 1), 0, (0, 0, 0, 0)), (0, 0, 0, 0))": 0.41629559028367535, "((2, (2, 3, 1, 0), 0, (0, 0, 0, 0)), (0, 0, 0, 0))": -0.5118500919368133, "((3, (2, 3, 1, 0), 0, (0, 0, 0, 0)), (0, 0, 0, 0))": -0.5118500919368133, "((1, (2, 3, 1, 0), 0, (0, 0, 0, 0)), (0, 0, 0, 0))": -0.5118500919368133, "((1, (2, 0, 1, 3), 0, (0, 0, 0, 0)), (0, 0, 0, 0))": -0.6287516492637015, "((2, (2, 0, 1, 3), 0, (0, 0, 0, 0)), (0, 0, 0, 0))": -0.6287516492637015, "((3, (2, 0, 1, 3), 0, (0, 0, 0, 0)), (0, 0, 0, 0))": -0.6287516492637015, "((2, (1, 3, 1, 1), 0, (0, 0, 0, 0)), (0, 0, 0, 0))": -1.3269493222520246, "((3, (1, 3, 1, 1), 0, (0, 0, 0, 0)), (0, 0, 0, 0))": -1.3269493222520246, "((1, (1, 3, 1, 1), 0, (0, 0, 0, 0)), (0, 0, 0, 0))": -1.3269493222520246, "((1, (3, 2, 1, 0), 0, (0, 0, 0, 0)), (0, 0, 0, 0))": 1.1359334537123464, "((3, (3, 2, 1, 0), 0, (0, 0, 0, 0)), (0, 0, 0, 0))": 1.1359334537123464, "((2, (3, 2, 1, 0), 0, (0, 0, 0, 0)), (0, 0, 0, 0))": 1.1359334537123464, "((1, (1, 1, 3, 1), 0, (0, 0, 0, 0)), (0, 0, 0, 0))": -0.8850128070377712, "((2, (1, 1, 3, 1), 0, (0, 0, 0, 0)), (0, 0, 0, 0))": -0.8850128070377712, "((3, (1, 1, 3, 1), 0, (0, 0, 0, 0)), (0, 0, 0, 0))": -0.8850128070377712, "((1, (0, 2, 1, 3), 0, (0, 0, 0, 0)), (0, 0, 0, 0))": 0.779658233642407, "((3, (0, 2, 1, 3), 0, (0, 0, 0, 0)), (0, 0, 0, 0))": 0.779658233642407, "((2, (0, 2, 1, 3), 0, (0, 0, 0, 0)), (0, 0, 0, 0))": 0.779658233642407, "((1, (1, 0, 3, 2), 0, (0, 0, 0, 0)), (0, 0, 0, 0))": 1.0708865752890753, "((2, (1, 0, 3, 2), 0, (0, 0, 0, 0)), (0, 0, 0, 0))": 1.0708865752890753, "((3, (1, 0, 3, 2), 0, (0, 0, 0, 0)), (0, 0, 0, 0))": 1.0708865752890753, "((1, (2, 0, 4, 0), 0, (0, 0, 0, 0)), (0, 0, 0, 0))": 1.9564011852549306, "((3, (2, 0, 4, 0), 0, (0, 0, 0, 0)), (0, 0, 0, 0))": 1.9564011852549306, "((2, (2, 0, 4, 0), 0, (0, 0, 0, 0)), (0, 0, 0, 0))": 1.9564011852549306, "((1, (1, 1, 2, 2), 0, (0, 0, 0, 0)), (0, 0, 0, 0))": -0.45778722941266387, "((2, (1, 1, 2, 2), 0, (0, 0, 0, 0)), (0, 0, 0, 0))": -0.45778722941266387, "((3, (1, 1, 2, 2), 0, (0, 0, 0, 0)), (0, 0, 0, 0))": -0.45778722941266387, "((1, (2, 2, 1, 1), 0, (0, 0, 0, 0)), (0, 0, 0, 0))": -0.8942447271762191, "((2, (2, 2, 1, 1), 0, (0, 0, 0, 0)), (0, 0, 0, 0))": -0.8942447271762191, "((3, (2, 2, 1, 1), 0, (0, 0, 0, 0)), (0, 0, 0, 0))": -0.8942447271762191, "((1, (2, 1, 2, 1), 0, (0, 0, 0, 0)), (0, 0, 0, 0))": -0.39994327089701665, "((3, (2, 1, 2, 1), 0, (0, 0, 0, 0)), (0, 0, 0, 0))": -0.39994327089701665, "((2, (2, 1, 2, 1), 0, (0, 0, 0, 0)), (0, 0, 0, 0))": -0.39994327089701665, "((1, (2, 2, 0, 2), 0, (0, 0, 0, 0)), (0, 0, 0, 0))": 0.3353038949235857, "((2, (2, 2, 0, 2), 0, (0, 0, 0, 0)), (0, 0, 0, 0))": 0.3353038949235857, "((3, (2, 2, 0, 2), 0, (0, 0, 0, 0)), (0, 0, 0, 0))": 0.3353038949235857, "((2, (2, 3, 0, 1), 0, (0, 0, 0, 0)), (0, 0, 0, 0))": 1.798103549843742, "((1, (2, 3, 0, 1), 0, (0, 0, 0, 0)), (0, 0, 0, 0))": 1.798103549843742, "((3, (2, 3, 0, 1), 0, (0, 0, 0, 0)), (0, 0, 0, 0))": 1.798103549843742, "((2, (1, 1, 1, 3), 0, (0, 0, 0, 0)), (0, 0, 0, 0))": -0.35200040593270515, "((1, (1, 1, 1, 3), 0, (0, 0, 0, 0)), (0, 0, 0, 0))": -0.35200040593270515, "((3, (1, 1, 1, 3), 0, (0, 0, 0, 0)), (0, 0, 0, 0))": -0.35200040593270515, "((1, (0, 2, 2, 2), 0, (0, 0, 0, 0)), (0, 0, 0, 0))": 0.5079162596844744, "((2, (0, 2, 2, 2), 0, (0, 0, 0, 0)), (0, 0, 0, 0))": 0.5079162596844744, "((3, (0, 2, 2, 2), 0, (0, 0, 0, 0)), (0, 0, 0, 0))": 0.5079162596844744, "((2, (2, 1, 3, 0), 0, (0, 0, 0, 0)), (0, 0, 0, 0))": 0.5540326018272133, "((3, (2, 1, 3, 0), 0, (0, 0, 0, 0)), (0, 0, 0, 0))": 0.5540326018272133, "((1, (2, 1, 3, 0), 0, (0, 0, 0, 0)), (0, 0, 0, 0))": 0.5540326018272133, "((2, (4, 0, 2, 0), 0, (0, 0, 0, 0)), (0, 0, 0, 0))": 1.3759598831685338, "((3, (4, 0, 2, 0), 0, (0, 0, 0, 0)), (0, 0, 0, 0))": 1.3759598831685338, "((1, (4, 0, 2, 0), 0, (0, 0, 0, 0)), (0, 0, 0, 0))": 1.3759598831685338, "((1, (2, 2, 2, 0), 0, (0, 0, 0, 0)), (0, 0, 0, 0))": 0.5107778213725549, "((2, (2, 2, 2, 0), 0, (0, 0, 0, 0)), (0, 0, 0, 0))": 0.5107778213725549, "((3, (2, 2, 2, 0), 0, (0, 0, 0, 0)), (0, 0, 0, 0))": 0.5107778213725549, "((1, (1, 3, 0, 2), 0, (0, 0, 0, 0)), (0, 0, 0, 0))": 1.1412323507356177, "((2, (1, 3, 0, 2), 0, (0, 0, 0, 0)), (0, 0, 0, 0))": 1.1412323507356177, "((3, (1, 3, 0, 2), 0, (0, 0, 0, 0)), (0, 0, 0, 0))": 1.1412323507356177, "((1, (3, 0, 2, 1), 0, (0, 0, 0, 0)), (0, 0, 0, 0))": 1.6600260255817547, "((2, (3, 0, 2, 1), 0, (0, 0, 0, 0)), (0, 0, 0, 0))": 1.6600260255817547, "((3, (3, 0, 2, 1), 0, (0, 0, 0, 0)), (0, 0, 0, 0))": 1.6600260255817547, "((1, (3, 3, 0, 0), 0, (0, 0, 0, 0)), (0, 0, 0, 0))": 2.3896989066545276, "((2, (3, 3, 0, 0), 0, (0, 0, 0, 0)), (0, 0, 0, 0))": 2.3896989066545276, "((3, (3, 3, 0, 0), 0, (0, 0, 0, 0)), (0, 0, 0, 0))": 2.3896989066545276, "((1, (0, 2, 0, 4), 0, (0, 0, 0, 0)), (0, 0, 0, 0))": 2.002374599657414, "((2, (0, 2, 0, 4), 0, (0, 0, 0, 0)), (0, 0, 0, 0))": 2.002374599657414, "((3, (0, 2, 0, 4), 0, (0, 0, 0, 0)), (0, 0, 0, 0))": 2.002374599657414, "((1, (2, 0, 3, 1), 0, (0, 0, 0, 0)), (0, 0, 0, 0))": 1.0615470726260023, "((2, (2, 0, 3, 1), 0, (0, 0, 0, 0)), (0, 0, 0, 0))": 1.0615470726260023, "((3, (2, 0, 3, 1), 0, (0, 0, 0, 0)), (0, 0, 0, 0))": 1.0615470726260023, "((1, (0, 3, 2, 1), 0, (0, 0, 0, 0)), (0, 0, 0, 0))": 0.4703292820534522, "((2, (0, 3, 2, 1), 0, (0, 0, 0, 0)), (0, 0, 0, 0))": 0.4703292820534522, "((3, (0, 3, 2, 1), 0, (0, 0, 0, 0)), (0, 0, 0, 0))": 0.4703292820534522, "((1, (0, 1, 3, 2), 0, (0, 0, 0, 0)), (0, 0, 0, 0))": -0.3001290778422335, "((2, (0, 1, 3, 2), 0, (0, 0, 0, 0)), (0, 0, 0, 0))": -0.3001290778422335, "((3, (0, 1, 3, 2), 0, (0, 0, 0, 0)), (0, 0, 0, 0))": -0.3001290778422335, "((1, (1, 2, 3, 0), 0, (0, 0, 0, 0)), (0, 0, 0, 0))": 0.02010034654522508, "((2, (1, 2, 3, 0), 0, (0, 0, 0, 0)), (0, 0, 0, 0))": 0.02010034654522508, "((3, (1, 2, 3, 0), 0, (0, 0, 0, 0)), (0, 0, 0, 0))": 0.02010034654522508, "((1, (0, 0, 4, 2), 0, (0, 0, 0, 0)), (0, 0, 0, 0))": 2.1000140704729393, "((2, (0, 0, 4, 2), 0, (0, 0, 0, 0)), (0, 0, 0, 0))": 2.1000140704729393,