{"((1, (1, 3, 1, 1), 0, (0, 0, 0, 0)), (0, 0, 0, 0))": 0.6213613202284074, "((2, (1, 3, 1, 1), 0, (0, 0, 0, 0)), (0, 0, 0, 0))": 0.6213613202284074, "((3, (1, 3, 1, 1), 0, (0, 0, 0, 0)), (0, 0, 0, 0))": 0.6213613202284074, "((1, (1, 0, 2, 3), 0, (0, 0, 0, 0)), (0, 0, 0, 0))": 0.45779288867467127, "((3, (1, 0, 2, 3), 0, (0, 0, 0, 0)), (0, 0, 0, 0))": 0.45779288867467127, "((2, (1, 0, 2, 3), 0, (0, 0, 0, 0)), (0, 0, 0, 0))": 0.45779288867467127, "((1, (1, 1, 1, 3), 0, (0, 0, 0, 0)), (0, 0, 0, 0))": -0.96132839541444, "((2, (1, 1, 1, 3), 0, (0, 0, 0, 0)), (0, 0, 0, 0))": -0.96132839541444, "((3, (1, 1, 1, 3), 0, (0, 0, 0, 0)), (0, 0, 0, 0))": -0.96132839541444, "((1, (0, 2, 2, 2), 0, (0, 0, 0, 0)), (0, 0, 0, 0))": 0.47934645513963947, "((3, (0, 2, 2, 2), 0, (0, 0, 0, 0)), (0, 0, 0, 0))": 0.47934645513963947, "((2, (0, 2, 2, 2), 0, (0, 0, 0, 0)), (0, 0, 0, 0))": 0.47934645513963947, "((2, (2, 0, 2, 2), 0, (0, 0, 0, 0)), (0, 0, 0, 0))": -0.1266763247363848, "((3, (2, 0, 2, 2), 0, (0, 0, 0, 0)), (0, 0, 0, 0))": -0.1266763247363848, "((1, (2, 0, 2, 2), 0, (0, 0, 0, 0)), (0, 0, 0, 0))": -0.1266763247363848, "((1, (1, 1, 3, 1), 0, (0, 0, 0, 0)), (0, 0, 0, 0))": -0.5954933422968602, "((2, (1, 1, 3, 1), 0, (0, 0, 0, 0)), (0, 0, 0, 0))": -0.5954933422968602, "((3, (1, 1, 3, 1), 0, (0, 0, 0, 0)), (0, 0, 0, 0))": -0.5954933422968602, "((1, (2, 1, 1, 2), 0, (0, 0, 0, 0)), (0, 0, 0, 0))": -1.0525100912259744, "((2, (2, 1, 1, 2), 0, (0, 0, 0, 0)), (0, 0, 0, 0))": -1.0525100912259744, "((3, (2, 1, 1, 2), 0, (0, 0, 0, 0)), (0, 0, 0, 0))": -1.0525100912259744, "((1, (3, 0, 2, 1), 0, (0, 0, 0, 0)), (0, 0, 0, 0))": 0.1361177213512499, "((2, (3, 0, 2, 1), 0, (0, 0, 0, 0)), (0, 0, 0, 0))": 0.1361177213512499, "((3, (3, 0, 2, 1), 0, (0, 0, 0, 0)), (0, 0, 0, 0))": 0.1361177213512499, "((1, (2, 3, 1, 0), 0, (0, 0, 0, 0)), (0, 0, 0, 0))": 0.71010837580719, "((2, (2, 3, 1, 0), 0, (0, 0, 0, 0)), (0, 0, 0, 0))": 0.71010837580719, "((3, (2, 3, 1, 0), 0, (0, 0, 0, 0)), (0, 0, 0, 0))": 0.71010837580719, "((1, (0, 1, 3, 2), 0, (0, 0, 0, 0)), (0, 0, 0, 0))": 1.836260669506848, "((2, (0, 1, 3, 2), 0, (0, 0, 0, 0)), (0, 0, 0, 0))": 1.836260669506848, "((3, (0, 1, 3, 2), 0, (0, 0, 0, 0)), (0, 0, 0, 0))": 1.836260669506848, "((1, (2, 1, 2, 1), 0, (0, 0, 0, 0)), (0, 0, 0, 0))": -1.4166141327744879, "((2, (2, 1, 2, 1), 0, (0, 0, 0, 0)), (0, 0, 0, 0))": -1.4166141327744879, "((3, (2, 1, 2, 1), 0, (0, 0, 0, 0)), (0, 0, 0, 0))": -1.4166141327744879, "((1, (2, 2, 1, 1), 0, (0, 0, 0, 0)), (0, 0, 0, 0))": -1.7503162354418513, "((2, (2, 2, 1, 1), 0, (0, 0, 0, 0)), (0, 0, 0, 0))": -1.7503162354418513, "((3, (2, 2, 1, 1), 0, (0, 0, 0, 0)), (0, 0, 0, 0))": -1.7503162354418513, "((1, (1, 2, 1, 2), 0, (0, 0, 0, 0)), (0, 0, 0, 0))": -1.232835073667648, "((2, (1, 2, 1, 2), 0, (0, 0, 0, 0)), (0, 0, 0, 0))": -1.232835073667648, "((3, (1, 2, 1, 2), 0, (0, 0, 0, 0)), (0, 0, 0, 0))": -1.232835073667648, "((1, (2, 2, 0, 2), 0, (0, 0, 0, 0)), (0, 0, 0, 0))": 0.6996378682785227, "((2, (2, 2, 0, 2), 0, (0, 0, 0, 0)), (0, 0, 0, 0))": 0.6996378682785227, "((3, (2, 2, 0, 2), 0, (0, 0, 0, 0)), (0, 0, 0, 0))": 0.6996378682785227, "((1, (3, 0, 1, 2), 0, (0, 0, 0, 0)), (0, 0, 0, 0))": -0.06911461552657702, "((2, (3, 0, 1, 2), 0, (0, 0, 0, 0)), (0, 0, 0, 0))": -0.06911461552657702, "((3, (3, 0, 1, 2), 0, (0, 0, 0, 0)), (0, 0, 0, 0))": -0.06911461552657702, "((1, (1, 3, 2, 0), 0, (0, 0, 0, 0)), (0, 0, 0, 0))": 0.028047316754590712, "((2, (1, 3, 2, 0), 0, (0, 0, 0, 0)), (0, 0, 0, 0))": 0.028047316754590712, "((3, (1, 3, 2, 0), 0, (0, 0, 0, 0)), (0, 0, 0, 0))": 0.028047316754590712, "((3, (1, 1, 2, 2), 0, (0, 0, 0, 0)), (0, 0, 0, 0))": -1.4266576408436835, "((1, (1, 1, 2, 2), 0, (0, 0, 0, 0)), (0, 0, 0, 0))": -1.4266576408436835, "((2, (1, 1, 2, 2), 0, (0, 0, 0, 0)), (0, 0, 0, 0))": -1.4266576408436835, "((1, (0, 3, 1, 2), 0, (0, 0, 0, 0)), (0, 0, 0, 0))": 0.7231651567065691, "((2, (0, 3, 1, 2), 0, (0, 0, 0, 0)), (0, 0, 0, 0))": 0.7231651567065691, "((3, (0, 3, 1, 2), 0, (0, 0, 0, 0)), (0, 0, 0, 0))": 0.7231651567065691, "((2, (3, 2, 1, 0), 0, (0, 0, 0, 0)), (0, 0, 0, 0))": 0.7114562289495179, "((1, (3, 2, 1, 0), 0, (0, 0, 0, 0)), (0, 0, 0, 0))": 0.7114562289495179, "((3, (3, 2, 1, 0), 0, (0, 0, 0, 0)), (0, 0, 0, 0))": 0.7114562289495179, "((1, (2, 3, 0, 1), 0, (0, 0, 0, 0)), (0, 0, 0, 0))": 1.5903395153167612, "((2, (2, 3, 0, 1), 0, (0, 0, 0, 0)), (0, 0, 0, 0))": 1.5903395153167612, "((3, (2, 3, 0, 1), 0, (0, 0, 0, 0)), (0, 0, 0, 0))": 1.5903395153167612, "((1, (2, 1, 3, 0), 0, (0, 0, 0, 0)), (0, 0, 0, 0))": -0.16941435725578946, "((2, (2, 1, 3, 0), 0, (0, 0, 0, 0)), (0, 0, 0, 0))": -0.16941435725578946, "((3, (2, 1, 3, 0), 0, (0, 0, 0, 0)), (0, 0, 0, 0))": -0.16941435725578946, "((1, (0, 1, 1, 4), 0, (0, 0, 0, 0)), (0, 0, 0, 0))": 0.4203762565835628, "((2, (0, 1, 1, 4), 0, (0, 0, 0, 0)), (0, 0, 0, 0))": 0.4203762565835628, "((3, (0, 1, 1, 4), 0, (0, 0, 0, 0)), (0, 0, 0, 0))": 0.4203762565835628, "((1, (0, 2, 3, 1), 0, (0, 0, 0, 0)), (0, 0, 0, 0))": -0.9737169624282743, "((2, (0, 2, 3, 1), 0, (0, 0, 0, 0)), (0, 0, 0, 0))": -0.9737169624282743, "((3, (0, 2, 3, 1), 0, (0, 0, 0, 0)), (0, 0, 0, 0))": -0.9737169624282743, "((1, (3, 1, 1, 1), 0, (0, 0, 0, 0)), (0, 0, 0, 0))": -0.29734071077289614, "((2, (3, 1, 1, 1), 0, (0, 0, 0, 0)), (0, 0, 0, 0))": -0.29734071077289614, "((3, (3, 1, 1, 1), 0, (0, 0, 0, 0)), (0, 0, 0, 0))": -0.29734071077289614, "((2, (0, 0, 3, 3), 0, (0, 0, 0, 0)), (0, 0, 0, 0))": 0.684753171755583, "((3, (0, 0, 3, 3), 0, (0, 0, 0, 0)), (0, 0, 0, 0))": 0.684753171755583, "((1, (0, 0, 3, 3), 0, (0, 0, 0, 0)), (0, 0, 0, 0))": 0.684753171755583, "((1, (2, 1, 0, 3), 0, (0, 0, 0, 0)), (0, 0, 0, 0))": 1.0950190606242614, "((3, (2, 1, 0, 3), 0, (0, 0, 0, 0)), (0, 0, 0, 0))": 1.0950190606242614, "((2, (2, 1, 0, 3), 0, (0, 0, 0, 0)), (0, 0, 0, 0))": 1.0950190606242614, "((1, (2, 0, 4, 0), 0, (0, 0, 0, 0)), (0, 0, 0, 0))": 1.0986251655350634, "((2, (2, 0, 4, 0), 0, (0, 0, 0, 0)), (0, 0, 0, 0))": 1.0986251655350634, "((3, (2, 0, 4, 0), 0, (0, 0, 0, 0)), (0, 0, 0, 0))": 1.0986251655350634, "((1, (1, 0, 4, 1), 0, (0, 0, 0, 0)), (0, 0, 0, 0))": 0.43098930047902984, "((2, (1, 0, 4, 1), 0, (0, 0, 0, 0)), (0, 0, 0, 0))": 0.43098930047902984, "((3, (1, 0, 4, 1), 0, (0, 0, 0, 0)), (0, 0, 0, 0))": 0.43098930047902984, "((1, (1, 2, 3, 0), 0, (0, 0, 0, 0)), (0, 0, 0, 0))": 1.335420778165259, "((3, (1, 2, 3, 0), 0, (0, 0, 0, 0)), (0, 0, 0, 0))": 1.335420778165259, "((2, (1, 2, 3, 0), 0, (0, 0, 0, 0)), (0, 0, 0, 0))": 1.335420778165259, "((1, (0, 0, 2, 4), 0, (0, 0, 0, 0)), (0, 0, 0, 0))": 1.9631408403550936, "((2, (0, 0, 2, 4), 0, (0, 0, 0, 0)), (0, 0, 0, 0))": 1.9631408403550936, "((3, (0, 0, 2, 4), 0, (0, 0, 0, 0)), (0, 0, 0, 0))": 1.9631408403550936, "((1, (0, 2, 1, 3), 0, (0, 0, 0, 0)), (0, 0, 0, 0))": 1.4953097616446647, "((3, (0, 2, 1, 3), 0, (0, 0, 0, 0)), (0, 0, 0, 0))": 1.4953097616446647, "((2, (0, 2, 1, 3), 0, (0, 0, 0, 0)), (0, 0, 0, 0))": 1.4953097616446647, "((1, (3, 0, 0, 3), 0, (0, 0, 0, 0)), (0, 0, 0, 0))": 1.5382297315328666, "((2, (3, 0, 0, 3), 0, (0, 0, 0, 0)), (0, 0, 0, 0))": 1.5382297315328666, "((3, (3, 0, 0, 3), 0, (0, 0, 0, 0)), (0, 0, 0, 0))": 1.5382297315328666, "((1, (0, 4, 1, 1), 0, (0, 0, 0, 0)), (0, 0, 0, 0))": 1.7954781825135542, "((2, (0, 4, 1, 1), 0, (0, 0, 0, 0)), (0, 0, 0, 0))": 1.7954781825135542, "((3, (0, 4, 1, 1), 0, (0, 0, 0, 0)), (0, 0, 0, 0))": 1.7954781825135542, "((1, (1, 2, 2, 1), 0, (0, 0, 0, 0)), (0, 0, 0, 0))": -0.8467770615772474, "((2, (1, 2, 2, 1), 0, (0, 0, 0, 0)), (0, 0, 0, 0))": -0.8467770615772474, "((3, (1, 2, 2, 1), 0, (0, 0, 0, 0)), (0, 0, 0, 0))": -0.8467770615772474, "((2, (3, 1, 2, 0), 0, (0, 0, 0, 0)), (0, 0, 0, 0))": 0.5575208113423722, "((1, (3, 1, 2, 0), 0, (0, 0, 0, 0)), (0, 0, 0, 0))": 0.5575208113423722, "((3, (3, 1, 2, 0), 0, (0, 0, 0, 0)), (0, 0, 0, 0))": 0.5575208113423722, "((2, (4, 1, 1, 0), 0, (0, 0, 0, 0)), (0, 0, 0, 0))": 1.0143089280690183, "((3, (4, 1, 1, 0), 0, (0, 0, 0, 0)), (0, 0, 0, 0))": 1.0143089280690183,